home_goals,away_goals,home_shots,away_shots,home_xg,away_xg,home_possession,run,home_pressing,away_pressing,fatigue_model
0,0,2,3,0.07878399999999999,0.1056,0.43333333333333335,0,low,high,linear
0,0,3,2,0.117376,0.07438399999999999,0.5444444444444444,1,low,high,linear
0,0,7,0,0.274592,0.0,0.8444444444444444,2,low,high,linear
0,1,2,4,0.07855999999999999,0.14783200000000002,0.4222222222222222,3,low,high,linear
0,0,1,3,0.039104,0.11668799999999999,0.5222222222222223,4,low,high,linear
0,0,8,3,0.31590399999999996,0.112728,0.4444444444444444,5,low,high,linear
0,1,1,4,0.039903999999999995,0.14804799999999999,0.3333333333333333,6,low,high,linear
0,0,4,0,0.157664,0.0,0.6111111111111112,7,low,high,linear
0,0,2,5,0.079808,0.186752,0.25555555555555554,8,low,high,linear
0,0,6,1,0.23475200000000002,0.036615999999999996,0.4888888888888889,9,low,high,linear
0,2,2,3,0.07855999999999999,0.114312,0.6111111111111112,10,low,high,linear
1,0,10,1,0.39257600000000004,0.035607999999999994,0.4888888888888889,11,low,high,linear
1,0,5,2,0.19504000000000002,0.07315999999999999,0.6222222222222222,12,low,high,linear
0,0,4,5,0.156256,0.18790400000000002,0.6333333333333333,13,low,high,linear
0,1,1,7,0.038688,0.262576,0.2222222222222222,14,low,high,linear
0,0,2,2,0.07827200000000001,0.07589599999999999,0.43333333333333335,15,low,high,linear
0,0,1,6,0.038655999999999996,0.22848,0.2777777777777778,16,low,high,linear
0,0,1,4,0.03936,0.14941600000000002,0.2111111111111111,17,low,high,linear
0,0,0,2,0.0,0.07532,0.2,18,low,high,linear
0,0,2,4,0.07868800000000001,0.15121600000000002,0.6222222222222222,19,low,high,linear
0,0,3,6,0.11772799999999999,0.22214399999999998,0.3888888888888889,20,low,high,linear
0,0,3,3,0.11807999999999999,0.11352000000000001,0.4888888888888889,21,low,high,linear
1,0,3,5,0.11936000000000001,0.18869599999999997,0.3111111111111111,22,low,high,linear
0,0,0,3,0.0,0.113232,0.25555555555555554,23,low,high,linear
0,0,1,4,0.039648,0.146752,0.3333333333333333,24,low,high,linear
0,0,6,2,0.236512,0.07683200000000001,0.4444444444444444,25,low,high,linear
0,0,7,2,0.272832,0.074456,0.8222222222222222,26,low,high,linear
0,0,1,5,0.038976,0.188552,0.35555555555555557,27,low,high,linear
0,0,6,0,0.23548799999999998,0.0,0.7555555555555555,28,low,high,linear
0,0,2,2,0.079072,0.073664,0.6222222222222222,29,low,high,linear
0,0,2,5,0.077792,0.18624799999999997,0.4222222222222222,30,low,high,linear
0,0,3,2,0.117696,0.07078399999999999,0.5555555555555556,31,low,high,linear
1,0,4,4,0.1568,0.14667999999999998,0.4777777777777778,32,low,high,linear
1,0,4,4,0.15772799999999998,0.146032,0.5333333333333333,33,low,high,linear
0,0,1,2,0.038912,0.07424,0.3333333333333333,34,low,high,linear
0,0,3,5,0.11779200000000001,0.18955999999999998,0.43333333333333335,35,low,high,linear
1,0,2,5,0.078208,0.191504,0.4888888888888889,36,low,high,linear
1,0,4,0,0.15519999999999998,0.0,0.7222222222222222,37,low,high,linear
0,0,0,5,0.0,0.18718400000000002,0.3333333333333333,38,low,high,linear
0,0,6,0,0.23712000000000003,0.0,0.5888888888888889,39,low,high,linear
0,0,1,3,0.039712000000000004,0.11171999999999999,0.4666666666666667,40,low,high,linear
0,0,0,5,0.0,0.192224,0.34444444444444444,41,low,high,linear
0,0,3,4,0.118464,0.155464,0.5333333333333333,42,low,high,linear
0,0,4,2,0.156896,0.072944,0.5666666666666667,43,low,high,linear
0,0,6,2,0.234944,0.07683200000000001,0.43333333333333335,44,low,high,linear
0,0,5,6,0.195552,0.22286399999999998,0.5444444444444444,45,low,high,linear
0,0,5,4,0.196704,0.14934399999999998,0.4777777777777778,46,low,high,linear
0,0,0,7,0.0,0.2584,0.43333333333333335,47,low,high,linear
0,0,4,5,0.15616,0.183584,0.32222222222222224,48,low,high,linear
0,0,4,2,0.156672,0.07416799999999998,0.5333333333333333,49,low,high,linear
0,0,0,5,0.0,0.188048,0.3333333333333333,50,low,high,linear
0,0,4,1,0.156992,0.035032,0.5888888888888889,51,low,high,linear
1,0,3,3,0.11833600000000001,0.10819199999999998,0.6111111111111112,52,low,high,linear
0,0,1,2,0.039872000000000005,0.077048,0.4222222222222222,53,low,high,linear
0,0,1,1,0.039072,0.035607999999999994,0.34444444444444444,54,low,high,linear
0,0,2,8,0.07855999999999999,0.292856,0.43333333333333335,55,low,high,linear
0,0,5,5,0.19689600000000002,0.190784,0.6111111111111112,56,low,high,linear
0,1,0,5,0.0,0.18898399999999999,0.36666666666666664,57,low,high,linear
0,0,4,3,0.15647999999999998,0.11258399999999999,0.5777777777777777,58,low,high,linear
0,1,1,5,0.03888,0.186248,0.5333333333333333,59,low,high,linear
0,0,4,1,0.156,0.036112,0.5222222222222223,60,low,high,linear
0,0,3,4,0.11804800000000001,0.1528,0.5333333333333333,61,low,high,linear
0,0,1,3,0.039776,0.110712,0.5555555555555556,62,low,high,linear
1,0,2,9,0.07910400000000001,0.33415199999999995,0.3,63,low,high,linear
1,0,3,2,0.11776,0.076184,0.43333333333333335,64,low,high,linear
0,0,2,2,0.07891200000000001,0.074456,0.4777777777777778,65,low,high,linear
0,0,0,2,0.0,0.07805600000000001,0.6666666666666666,66,low,high,linear
0,0,1,4,0.039456,0.150856,0.43333333333333335,67,low,high,linear
0,0,3,2,0.116064,0.074744,0.5111111111111111,68,low,high,linear
0,0,4,3,0.156192,0.11258399999999999,0.6333333333333333,69,low,high,linear
0,0,3,2,0.117248,0.07589599999999999,0.4222222222222222,70,low,high,linear
0,0,3,4,0.117376,0.149416,0.4,71,low,high,linear
0,0,4,6,0.157312,0.2256,0.5333333333333333,72,low,high,linear
0,0,3,2,0.11721599999999999,0.075968,0.4777777777777778,73,low,high,linear
1,0,5,3,0.19689600000000002,0.10955999999999999,0.5888888888888889,74,low,high,linear
1,0,6,3,0.235136,0.11114399999999999,0.5555555555555556,75,low,high,linear
0,0,2,2,0.077856,0.07863200000000001,0.3111111111111111,76,low,high,linear
0,0,4,2,0.156416,0.077768,0.6444444444444445,77,low,high,linear
1,0,4,1,0.157536,0.038416,0.7222222222222222,78,low,high,linear
1,0,4,1,0.157952,0.037984000000000004,0.5222222222222223,79,low,high,linear
0,0,3,2,0.11760000000000001,0.073736,0.6444444444444445,80,low,high,linear
0,0,7,1,0.27446400000000004,0.039855999999999996,0.6,81,low,high,linear
0,0,3,3,0.11728,0.10883999999999999,0.36666666666666664,82,low,high,linear
0,0,2,4,0.07814399999999999,0.151864,0.45555555555555555,83,low,high,linear
0,1,3,2,0.117824,0.077768,0.6555555555555556,84,low,high,linear
0,0,2,4,0.07891200000000001,0.15560800000000002,0.4111111111111111,85,low,high,linear
0,0,2,0,0.0784,0.0,0.6666666666666666,86,low,high,linear
0,0,3,2,0.117344,0.07431199999999999,0.35555555555555557,87,low,high,linear
0,0,4,4,0.156288,0.15445599999999998,0.35555555555555557,88,low,high,linear
0,0,2,3,0.079072,0.11575200000000001,0.28888888888888886,89,low,high,linear
0,1,3,5,0.118016,0.190712,0.45555555555555555,90,low,high,linear
0,0,3,1,0.116672,0.037767999999999996,0.5333333333333333,91,low,high,linear
0,1,3,2,0.116096,0.079064,0.35555555555555557,92,low,high,linear
0,0,2,0,0.078304,0.0,0.5444444444444444,93,low,high,linear
1,0,3,3,0.11910400000000002,0.11402399999999999,0.6,94,low,high,linear
0,0,4,6,0.15776,0.22372799999999998,0.37777777777777777,95,low,high,linear
0,1,4,2,0.15632000000000001,0.077192,0.5666666666666667,96,low,high,linear
0,0,3,4,0.11936,0.151504,0.37777777777777777,97,low,high,linear
0,0,3,3,0.11785600000000002,0.112656,0.5888888888888889,98,low,high,linear
0,0,3,3,0.11846400000000001,0.110352,0.4666666666666667,99,low,high,linear
0,1,5,6,0.19673599999999997,0.21940799999999996,0.4888888888888889,100,low,high,linear
0,0,5,4,0.19785599999999998,0.145528,0.4777777777777778,101,low,high,linear
0,0,7,0,0.274848,0.0,0.8555555555555555,102,low,high,linear
0,0,3,4,0.117504,0.15078399999999997,0.4888888888888889,103,low,high,linear
0,0,0,11,0.0,0.40688,0.2,104,low,high,linear
1,0,2,3,0.078176,0.109344,0.6222222222222222,105,low,high,linear
0,0,1,4,0.039903999999999995,0.14595999999999998,0.25555555555555554,106,low,high,linear
0,0,4,4,0.15718400000000002,0.152368,0.4222222222222222,107,low,high,linear
0,0,6,4,0.234496,0.14704,0.4111111111111111,108,low,high,linear
0,0,0,7,0.0,0.259552,0.4111111111111111,109,low,high,linear
0,0,4,4,0.15439999999999998,0.153088,0.5,110,low,high,linear
0,0,3,4,0.11846400000000001,0.14682399999999998,0.4666666666666667,111,low,high,linear
0,0,2,5,0.077632,0.185384,0.37777777777777777,112,low,high,linear
0,0,3,3,0.11683199999999999,0.11172,0.4,113,low,high,linear
0,0,3,3,0.11827200000000002,0.111576,0.4666666666666667,114,low,high,linear
1,0,7,2,0.276544,0.07222399999999998,0.7111111111111111,115,low,high,linear
0,0,4,4,0.157408,0.15244,0.36666666666666664,116,low,high,linear
0,0,6,5,0.23504,0.183728,0.4444444444444444,117,low,high,linear
0,0,1,3,0.039936,0.10963200000000001,0.4111111111111111,118,low,high,linear
0,0,4,6,0.157632,0.22552799999999998,0.4111111111111111,119,low,high,linear
0,0,0,3,0.0,0.105456,0.6444444444444445,120,low,high,linear
0,0,1,3,0.03984,0.112368,0.34444444444444444,121,low,high,linear
0,0,5,1,0.197184,0.036832,0.8333333333333334,122,low,high,linear
0,0,4,3,0.15814399999999998,0.11380799999999999,0.5,123,low,high,linear
0,1,1,2,0.038976,0.07676,0.4111111111111111,124,low,high,linear
0,0,2,3,0.07913600000000001,0.10833599999999999,0.4666666666666667,125,low,high,linear
0,0,0,4,0.0,0.151432,0.37777777777777777,126,low,high,linear
0,0,2,3,0.078848,0.11366399999999999,0.5777777777777777,127,low,high,linear
0,0,7,1,0.27529600000000004,0.038056,0.6222222222222222,128,low,high,linear
0,0,1,3,0.03888,0.110928,0.35555555555555557,129,low,high,linear
0,0,1,8,0.038784,0.29947999999999997,0.26666666666666666,130,low,high,linear
1,0,5,4,0.196,0.152872,0.4444444444444444,131,low,high,linear
0,0,3,1,0.118368,0.039928,0.5,132,low,high,linear
0,0,5,2,0.195488,0.07517599999999999,0.5777777777777777,133,low,high,linear
0,0,3,3,0.117696,0.110784,0.5555555555555556,134,low,high,linear
1,0,5,1,0.19459199999999996,0.037696,0.5444444444444444,135,low,high,linear
1,0,6,2,0.23462400000000003,0.07553599999999999,0.6,136,low,high,linear
0,0,2,3,0.07891200000000001,0.110424,0.37777777777777777,137,low,high,linear
0,0,5,1,0.19580800000000004,0.038776000000000005,0.6777777777777778,138,low,high,linear
0,0,2,3,0.079008,0.10963199999999998,0.4111111111111111,139,low,high,linear
0,0,0,2,0.0,0.076472,0.4222222222222222,140,low,high,linear
0,1,6,3,0.23635199999999998,0.115752,0.5,141,low,high,linear
0,0,6,0,0.23577600000000004,0.0,0.6888888888888889,142,low,high,linear
0,0,9,1,0.352512,0.036615999999999996,0.7777777777777778,143,low,high,linear
0,0,1,2,0.03952,0.076112,0.25555555555555554,144,low,high,linear
0,1,0,11,0.0,0.414944,0.1,145,low,high,linear
0,0,3,4,0.118784,0.147328,0.4444444444444444,146,low,high,linear
0,0,2,2,0.07721599999999999,0.075392,0.16666666666666666,147,low,high,linear
0,0,5,1,0.19590400000000002,0.035824,0.3333333333333333,148,low,high,linear
0,0,7,0,0.277664,0.0,0.6555555555555556,149,low,high,linear
0,0,3,5,0.11823999999999998,0.189344,0.2777777777777778,150,low,high,linear
0,0,0,1,0.0,0.036256,0.43333333333333335,151,low,high,linear
1,0,3,5,0.117184,0.19315999999999997,0.4222222222222222,152,low,high,linear
0,1,3,4,0.11852800000000001,0.146392,0.7333333333333333,153,low,high,linear
0,0,5,1,0.196448,0.038272,0.7111111111111111,154,low,high,linear
0,1,2,4,0.077984,0.155464,0.37777777777777777,155,low,high,linear
0,0,7,4,0.275616,0.14848,0.5111111111111111,156,low,high,linear
0,0,5,2,0.19612800000000002,0.076832,0.8333333333333334,157,low,high,linear
1,0,4,2,0.15856,0.073736,0.4111111111111111,158,low,high,linear
0,0,3,1,0.1176,0.03928,0.5,159,low,high,linear
0,0,6,1,0.235616,0.036112,0.6666666666666666,160,low,high,linear
0,0,4,3,0.157024,0.113736,0.43333333333333335,161,low,high,linear
0,1,2,4,0.078464,0.156328,0.5111111111111111,162,low,high,linear
0,0,4,3,0.15705600000000003,0.116472,0.43333333333333335,163,low,high,linear
1,0,4,4,0.15632000000000001,0.151216,0.4444444444444444,164,low,high,linear
0,0,3,2,0.117312,0.078344,0.4666666666666667,165,low,high,linear
0,1,2,4,0.07750399999999999,0.15020799999999998,0.34444444444444444,166,low,high,linear
0,1,4,9,0.15808,0.33602399999999993,0.4666666666666667,167,low,high,linear
0,1,2,5,0.077984,0.18970399999999998,0.4888888888888889,168,low,high,linear
0,1,2,4,0.077472,0.152296,0.3,169,low,high,linear
0,0,2,8,0.079072,0.305456,0.35555555555555557,170,low,high,linear
0,0,2,8,0.079136,0.297032,0.3111111111111111,171,low,high,linear
0,0,0,5,0.0,0.188336,0.5,172,low,high,linear
1,0,3,0,0.11763200000000001,0.0,0.5888888888888889,173,low,high,linear
0,0,2,5,0.079936,0.191504,0.5444444444444444,174,low,high,linear
0,0,2,2,0.078432,0.07697599999999999,0.5555555555555556,175,low,high,linear
0,1,1,7,0.03984,0.262936,0.3333333333333333,176,low,high,linear
0,0,2,6,0.079808,0.226536,0.3888888888888889,177,low,high,linear
0,0,0,2,0.0,0.076112,0.3333333333333333,178,low,high,linear
0,0,1,3,0.038784,0.11193600000000001,0.43333333333333335,179,low,high,linear
1,0,3,7,0.11971199999999999,0.25804,0.32222222222222224,180,low,high,linear
0,0,1,4,0.039392,0.150856,0.4777777777777778,181,low,high,linear
0,1,6,3,0.23759999999999998,0.11164799999999998,0.6444444444444445,182,low,high,linear
1,0,5,3,0.197024,0.114672,0.7333333333333333,183,low,high,linear
0,0,5,0,0.194848,0.0,0.7555555555555555,184,low,high,linear
0,0,2,4,0.07868800000000001,0.153808,0.5111111111111111,185,low,high,linear
0,0,4,7,0.157056,0.262,0.36666666666666664,186,low,high,linear
0,0,2,4,0.07878399999999999,0.15107199999999998,0.4444444444444444,187,low,high,linear
0,0,7,1,0.27487999999999996,0.037552,0.6444444444444445,188,low,high,linear
0,1,2,5,0.077568,0.187472,0.45555555555555555,189,low,high,linear
0,0,2,5,0.079584,0.186104,0.3,190,low,high,linear
0,0,2,5,0.07910400000000001,0.18963199999999997,0.32222222222222224,191,low,high,linear
0,0,0,2,0.0,0.07532,0.4666666666666667,192,low,high,linear
0,0,2,3,0.07875199999999999,0.11020799999999999,0.34444444444444444,193,low,high,linear
0,0,2,3,0.07868800000000001,0.11229599999999998,0.3333333333333333,194,low,high,linear
0,0,3,2,0.118048,0.07517599999999999,0.5,195,low,high,linear
0,0,2,4,0.07952000000000001,0.15064,0.43333333333333335,196,low,high,linear
0,0,2,1,0.078848,0.03676,0.3333333333333333,197,low,high,linear
0,0,5,0,0.193664,0.0,0.5777777777777777,198,low,high,linear
0,0,6,0,0.23529599999999998,0.0,0.5,199,low,high,linear
0,0,0,3,0.0,0.11035199999999999,0.2222222222222222,200,low,high,linear
0,0,5,6,0.194944,0.22459199999999999,0.5333333333333333,201,low,high,linear
0,0,2,4,0.078496,0.154744,0.5444444444444444,202,low,high,linear
1,0,2,6,0.077888,0.22775999999999996,0.4222222222222222,203,low,high,linear
1,0,3,2,0.116576,0.074384,0.4,204,low,high,linear
0,0,5,1,0.195968,0.035103999999999996,0.5555555555555556,205,low,high,linear
0,1,4,3,0.155968,0.11035199999999999,0.4888888888888889,206,low,high,linear
0,0,2,2,0.079264,0.07085599999999999,0.28888888888888886,207,low,high,linear
0,0,0,5,0.0,0.182216,0.2222222222222222,208,low,high,linear
0,0,2,7,0.078016,0.26178399999999996,0.3,209,low,high,linear
0,0,2,2,0.079072,0.073808,0.4222222222222222,210,low,high,linear
1,0,2,6,0.07776,0.220704,0.4222222222222222,211,low,high,linear
0,0,2,3,0.0784,0.11531999999999999,0.4777777777777778,212,low,high,linear
0,0,1,3,0.03872,0.10883999999999999,0.5444444444444444,213,low,high,linear
0,0,3,1,0.11884800000000001,0.03596799999999999,0.5333333333333333,214,low,high,linear
0,0,4,1,0.156928,0.037624,0.45555555555555555,215,low,high,linear
0,0,2,0,0.078368,0.0,0.36666666666666664,216,low,high,linear
0,0,5,1,0.195904,0.03856,0.6555555555555556,217,low,high,linear
0,0,2,4,0.07932800000000001,0.15143199999999998,0.4666666666666667,218,low,high,linear
1,0,1,5,0.038752,0.187832,0.26666666666666666,219,low,high,linear
0,0,0,8,0.0,0.296672,0.4222222222222222,220,low,high,linear
0,0,4,2,0.15593600000000002,0.07676,0.5,221,low,high,linear
0,1,3,5,0.11728,0.18992000000000003,0.4666666666666667,222,low,high,linear
0,1,2,5,0.079296,0.182504,0.4777777777777778,223,low,high,linear
0,1,2,7,0.07872000000000001,0.264088,0.12222222222222222,224,low,high,linear
0,1,3,5,0.117216,0.18811999999999998,0.4777777777777778,225,low,high,linear
0,0,2,2,0.077984,0.07791200000000001,0.5666666666666667,226,low,high,linear
0,0,4,0,0.157696,0.0,0.6222222222222222,227,low,high,linear
0,0,0,5,0.0,0.185024,0.2777777777777778,228,low,high,linear
0,0,0,6,0.0,0.22243200000000002,0.18888888888888888,229,low,high,linear
0,0,7,0,0.27612800000000004,0.0,0.8,230,low,high,linear
1,0,7,1,0.274464,0.037191999999999996,0.6333333333333333,231,low,high,linear
0,0,3,2,0.117408,0.07560800000000001,0.5111111111111111,232,low,high,linear
0,0,2,3,0.078048,0.115536,0.3888888888888889,233,low,high,linear
0,0,2,5,0.077792,0.18963200000000002,0.37777777777777777,234,low,high,linear
0,0,5,2,0.19558399999999998,0.07380799999999998,0.35555555555555557,235,low,high,linear
0,0,5,4,0.19599999999999998,0.14423199999999997,0.7555555555555555,236,low,high,linear
0,0,1,3,0.039104,0.114744,0.4888888888888889,237,low,high,linear
0,0,7,3,0.27312000000000003,0.111576,0.4888888888888889,238,low,high,linear
0,0,6,2,0.236064,0.07287199999999999,0.5777777777777777,239,low,high,linear
0,0,0,9,0.0,0.335376,0.15555555555555556,240,low,high,linear
0,0,3,4,0.117312,0.150352,0.5111111111111111,241,low,high,linear
0,0,3,5,0.116544,0.186392,0.5111111111111111,242,low,high,linear
0,0,3,3,0.117056,0.11380799999999999,0.5333333333333333,243,low,high,linear
1,0,4,2,0.155072,0.077768,0.5,244,low,high,linear
0,0,3,1,0.119648,0.038992,0.5777777777777777,245,low,high,linear
0,0,5,2,0.196672,0.07596800000000001,0.6444444444444445,246,low,high,linear
0,0,0,4,0.0,0.147256,0.37777777777777777,247,low,high,linear
0,0,4,3,0.157312,0.114816,0.4444444444444444,248,low,high,linear
0,0,3,2,0.118784,0.076184,0.3888888888888889,249,low,high,linear
0,0,0,5,0.0,0.188264,0.1,250,low,high,linear
1,0,5,3,0.19683199999999998,0.10689599999999999,0.6555555555555556,251,low,high,linear
0,1,6,5,0.23654400000000003,0.18243199999999998,0.3888888888888889,252,low,high,linear
0,0,0,4,0.0,0.150208,0.4888888888888889,253,low,high,linear
0,0,2,2,0.078656,0.07668799999999999,0.4444444444444444,254,low,high,linear
0,0,4,1,0.15632,0.035032,0.7444444444444445,255,low,high,linear
0,0,2,3,0.078176,0.11424,0.3888888888888889,256,low,high,linear
0,0,3,4,0.11654399999999998,0.15136,0.5555555555555556,257,low,high,linear
0,0,3,5,0.118816,0.18761599999999998,0.43333333333333335,258,low,high,linear
0,0,1,2,0.039872000000000005,0.07553599999999999,0.5555555555555556,259,low,high,linear
0,0,0,6,0.0,0.231216,0.4222222222222222,260,low,high,linear
0,1,3,3,0.116672,0.11546400000000001,0.2777777777777778,261,low,high,linear
0,0,1,10,0.039264,0.372712,0.17777777777777778,262,low,high,linear
0,0,0,4,0.0,0.149632,0.25555555555555554,263,low,high,linear
1,0,4,1,0.15699200000000002,0.038416,0.6666666666666666,264,low,high,linear
0,0,3,5,0.117024,0.19316,0.5777777777777777,265,low,high,linear
0,0,4,2,0.15696,0.07496,0.7111111111111111,266,low,high,linear
0,1,2,3,0.07913600000000001,0.11395200000000001,0.34444444444444444,267,low,high,linear
0,0,8,1,0.313696,0.037048,0.4777777777777778,268,low,high,linear
0,0,2,1,0.078176,0.039424,0.5777777777777777,269,low,high,linear
0,1,5,6,0.19708799999999999,0.220056,0.4888888888888889,270,low,high,linear
0,0,1,4,0.03856,0.15460000000000002,0.5222222222222223,271,low,high,linear
0,0,2,1,0.077472,0.037408,0.34444444444444444,272,low,high,linear
0,0,2,4,0.077984,0.152944,0.5222222222222223,273,low,high,linear
0,1,3,3,0.119584,0.11243999999999998,0.3111111111111111,274,low,high,linear
0,0,3,0,0.1176,0.0,0.8888888888888888,275,low,high,linear
0,0,3,3,0.11696000000000001,0.11049599999999998,0.5555555555555556,276,low,high,linear
0,0,2,1,0.077824,0.036904,0.4666666666666667,277,low,high,linear
0,0,0,2,0.0,0.077048,0.6555555555555556,278,low,high,linear
0,0,2,4,0.077984,0.14804799999999999,0.28888888888888886,279,low,high,linear
0,0,3,6,0.117312,0.22776000000000002,0.5222222222222223,280,low,high,linear
0,1,4,6,0.15648,0.22524,0.3333333333333333,281,low,high,linear
0,0,1,7,0.038848,0.26243199999999994,0.13333333333333333,282,low,high,linear
1,0,5,2,0.195936,0.074384,0.8444444444444444,283,low,high,linear
0,0,1,2,0.039872000000000005,0.07359199999999999,0.5444444444444444,284,low,high,linear
0,0,1,2,0.03856,0.071,0.4111111111111111,285,low,high,linear
0,0,3,4,0.119008,0.15020799999999998,0.5,286,low,high,linear
0,0,4,1,0.156832,0.035247999999999995,0.7888888888888889,287,low,high,linear
0,0,2,3,0.0784,0.11531999999999998,0.5666666666666667,288,low,high,linear
0,0,3,0,0.11788799999999999,0.0,0.7222222222222222,289,low,high,linear
0,2,1,4,0.039424,0.15128799999999998,0.37777777777777777,290,low,high,linear
0,0,3,6,0.117984,0.225744,0.32222222222222224,291,low,high,linear
0,0,2,2,0.078464,0.07424,0.5888888888888889,292,low,high,linear
0,0,3,2,0.116832,0.07244,0.5555555555555556,293,low,high,linear
0,0,1,4,0.038624,0.14459199999999997,0.5666666666666667,294,low,high,linear
0,0,4,9,0.156768,0.33667199999999997,0.45555555555555555,295,low,high,linear
0,0,3,2,0.118784,0.075752,0.5222222222222223,296,low,high,linear
2,0,7,2,0.274944,0.071792,0.6666666666666666,297,low,high,linear
0,1,8,3,0.314208,0.11135999999999999,0.5111111111111111,298,low,high,linear
0,1,2,2,0.078368,0.076328,0.5777777777777777,299,low,high,linear
0,0,2,1,0.079296,0.039928,0.5,300,low,high,linear
0,0,2,2,0.07769599999999999,0.076904,0.4111111111111111,301,low,high,linear
0,0,2,3,0.079072,0.11287199999999999,0.5111111111111111,302,low,high,linear
0,0,3,5,0.11696000000000001,0.187976,0.24444444444444444,303,low,high,linear
0,0,4,1,0.158624,0.038272,0.7555555555555555,304,low,high,linear
0,0,2,2,0.07952000000000001,0.07207999999999999,0.28888888888888886,305,low,high,linear
0,0,0,2,0.0,0.076976,0.4666666666666667,306,low,high,linear
0,0,4,1,0.157216,0.038704,0.5777777777777777,307,low,high,linear
0,0,2,2,0.077376,0.07344799999999999,0.5777777777777777,308,low,high,linear
0,0,2,6,0.0792,0.22149599999999997,0.34444444444444444,309,low,high,linear
0,0,1,4,0.038624,0.146536,0.6,310,low,high,linear
0,0,1,3,0.039392,0.11143199999999998,0.4111111111111111,311,low,high,linear
0,0,3,3,0.11827199999999999,0.11150399999999999,0.6222222222222222,312,low,high,linear
0,0,2,4,0.078304,0.152872,0.5444444444444444,313,low,high,linear
0,0,3,3,0.11868799999999999,0.111288,0.4,314,low,high,linear
0,0,2,1,0.078528,0.037767999999999996,0.5222222222222223,315,low,high,linear
1,0,6,2,0.23638399999999998,0.07467199999999999,0.5777777777777777,316,low,high,linear
0,0,3,5,0.11856,0.18747199999999997,0.4777777777777778,317,low,high,linear
0,0,8,2,0.312672,0.07316,0.5888888888888889,318,low,high,linear
0,0,5,3,0.196288,0.11560799999999999,0.6777777777777778,319,low,high,linear
0,0,1,4,0.038624,0.151144,0.2111111111111111,320,low,high,linear
0,1,2,4,0.078752,0.149344,0.3888888888888889,321,low,high,linear
0,0,1,2,0.039456,0.072944,0.25555555555555554,322,low,high,linear
0,0,3,4,0.118144,0.148336,0.5111111111111111,323,low,high,linear
1,0,3,0,0.11830400000000002,0.0,0.5555555555555556,324,low,high,linear
0,0,8,2,0.31472,0.07719200000000001,0.6777777777777778,325,low,high,linear
1,1,6,3,0.237088,0.11352000000000001,0.4,326,low,high,linear
0,0,4,2,0.1568,0.075104,0.6,327,low,high,linear
0,0,4,1,0.158144,0.035103999999999996,0.6222222222222222,328,low,high,linear
0,0,4,1,0.155584,0.037191999999999996,0.5555555555555556,329,low,high,linear
0,0,4,2,0.157728,0.0746,0.6333333333333333,330,low,high,linear
0,0,4,2,0.15750399999999998,0.07467199999999999,0.6,331,low,high,linear
0,0,6,0,0.23616,0.0,0.5555555555555556,332,low,high,linear
0,0,3,6,0.11692799999999999,0.223368,0.4,333,low,high,linear
0,0,2,6,0.079168,0.222,0.36666666666666664,334,low,high,linear
0,1,2,3,0.079264,0.11207999999999999,0.6222222222222222,335,low,high,linear
0,0,0,6,0.0,0.230208,0.3333333333333333,336,low,high,linear
1,0,1,2,0.03872,0.07589599999999999,0.36666666666666664,337,low,high,linear
0,0,3,4,0.115968,0.15222400000000003,0.3333333333333333,338,low,high,linear
0,0,2,5,0.078336,0.187976,0.43333333333333335,339,low,high,linear
1,0,5,3,0.194304,0.11236800000000001,0.4444444444444444,340,low,high,linear
0,0,2,3,0.07785600000000001,0.11352,0.37777777777777777,341,low,high,linear
0,1,3,7,0.11903999999999999,0.251776,0.4888888888888889,342,low,high,linear
0,0,3,2,0.11843200000000001,0.078056,0.37777777777777777,343,low,high,linear
0,0,2,6,0.079232,0.21883200000000003,0.28888888888888886,344,low,high,linear
0,0,5,1,0.197216,0.037552,0.8,345,low,high,linear
1,0,3,1,0.118432,0.035607999999999994,0.5444444444444444,346,low,high,linear
0,0,0,4,0.0,0.1564,0.34444444444444444,347,low,high,linear
0,0,2,1,0.07910400000000001,0.03784,0.4666666666666667,348,low,high,linear
0,0,4,2,0.15571200000000002,0.077264,0.6444444444444445,349,low,high,linear
0,0,3,4,0.11891199999999999,0.149632,0.35555555555555557,350,low,high,linear
0,0,8,0,0.31376,0.0,0.7666666666666667,351,low,high,linear
1,0,6,1,0.233472,0.039928,0.8111111111111111,352,low,high,linear
0,0,2,0,0.079232,0.0,0.6444444444444445,353,low,high,linear
0,0,2,3,0.077856,0.110712,0.4111111111111111,354,low,high,linear
0,0,2,1,0.07744000000000001,0.03892,0.5444444444444444,355,low,high,linear
1,0,4,0,0.15711999999999998,0.0,0.7888888888888889,356,low,high,linear
0,0,4,4,0.157376,0.15172,0.5555555555555556,357,low,high,linear
0,0,4,1,0.15923199999999998,0.038416,0.6888888888888889,358,low,high,linear
0,1,4,3,0.15632,0.11164799999999998,0.5,359,low,high,linear
0,0,2,3,0.07731199999999999,0.114384,0.34444444444444444,360,low,high,linear
0,0,3,3,0.119008,0.11316000000000001,0.28888888888888886,361,low,high,linear
0,0,0,4,0.0,0.14826399999999998,0.4111111111111111,362,low,high,linear
0,0,5,2,0.196352,0.07604,0.7444444444444445,363,low,high,linear
0,0,1,5,0.039104,0.18912799999999996,0.3,364,low,high,linear
0,1,3,3,0.11846400000000001,0.11186399999999999,0.6111111111111112,365,low,high,linear
0,0,0,4,0.0,0.14524,0.5222222222222223,366,low,high,linear
1,0,8,2,0.311968,0.074096,0.6666666666666666,367,low,high,linear
0,0,6,1,0.235776,0.039928,0.8,368,low,high,linear
0,0,0,4,0.0,0.148336,0.25555555555555554,369,low,high,linear
0,0,2,1,0.07856,0.03712,0.5222222222222223,370,low,high,linear
0,0,4,4,0.15782400000000002,0.15064,0.37777777777777777,371,low,high,linear
1,0,5,4,0.197056,0.15229600000000001,0.3333333333333333,372,low,high,linear
0,0,4,2,0.155168,0.07172,0.7111111111111111,373,low,high,linear
0,0,0,3,0.0,0.109704,0.5333333333333333,374,low,high,linear
1,0,3,4,0.117024,0.151504,0.28888888888888886,375,low,high,linear
0,0,2,3,0.079296,0.11784,0.5444444444444444,376,low,high,linear
0,0,2,1,0.079712,0.037552,0.43333333333333335,377,low,high,linear
0,0,3,3,0.117856,0.11172,0.6888888888888889,378,low,high,linear
0,0,3,2,0.117504,0.075824,0.5666666666666667,379,low,high,linear
0,0,0,3,0.0,0.10898399999999998,0.37777777777777777,380,low,high,linear
0,0,9,6,0.351008,0.223512,0.5,381,low,high,linear
1,0,4,4,0.158304,0.14970399999999998,0.43333333333333335,382,low,high,linear
0,0,1,2,0.038976,0.07366400000000001,0.4111111111111111,383,low,high,linear
0,0,1,1,0.039168,0.036328,0.5444444444444444,384,low,high,linear
0,0,2,1,0.07904,0.037696,0.6777777777777778,385,low,high,linear
0,0,5,2,0.196544,0.07647200000000001,0.5888888888888889,386,low,high,linear
0,0,1,6,0.039008,0.22163999999999995,0.35555555555555557,387,low,high,linear
0,0,1,3,0.038944,0.11150399999999999,0.4222222222222222,388,low,high,linear
0,0,5,3,0.19663999999999998,0.112512,0.5222222222222223,389,low,high,linear
1,0,5,2,0.19660800000000003,0.072368,0.6666666666666666,390,low,high,linear
0,0,0,5,0.0,0.19013600000000003,0.4222222222222222,391,low,high,linear
0,0,2,0,0.079328,0.0,0.6555555555555556,392,low,high,linear
0,0,0,3,0.0,0.11668800000000001,0.3111111111111111,393,low,high,linear
0,0,8,0,0.315168,0.0,0.7333333333333333,394,low,high,linear
0,0,2,3,0.079392,0.113304,0.36666666666666664,395,low,high,linear
0,0,2,2,0.077824,0.076184,0.4666666666666667,396,low,high,linear
0,1,4,4,0.157056,0.150424,0.4111111111111111,397,low,high,linear
1,0,3,4,0.11807999999999999,0.150496,0.5888888888888889,398,low,high,linear
0,0,2,1,0.07776,0.038776000000000005,0.4777777777777778,399,low,high,linear
0,0,4,6,0.156672,0.226752,0.5333333333333333,400,low,high,linear
0,2,1,7,0.039424,0.26092000000000004,0.43333333333333335,401,low,high,linear
0,0,4,1,0.158208,0.037696,0.5888888888888889,402,low,high,linear
0,0,3,2,0.118976,0.073016,0.6222222222222222,403,low,high,linear
0,0,8,3,0.312896,0.112944,0.7,404,low,high,linear
0,0,4,3,0.156704,0.11157600000000001,0.6333333333333333,405,low,high,linear
0,1,4,4,0.15827200000000002,0.14718399999999998,0.5222222222222223,406,low,high,linear
0,0,7,2,0.276992,0.07344799999999999,0.7555555555555555,407,low,high,linear
0,0,2,1,0.07939199999999999,0.035247999999999995,0.6888888888888889,408,low,high,linear
0,0,1,5,0.038848,0.18401599999999996,0.2,409,low,high,linear
1,1,1,2,0.03936,0.073016,0.45555555555555555,410,low,high,linear
0,1,4,7,0.15728,0.257104,0.3888888888888889,411,low,high,linear
0,1,1,2,0.039104,0.076184,0.4,412,low,high,linear
0,0,2,0,0.078592,0.0,0.45555555555555555,413,low,high,linear
0,0,2,3,0.078048,0.11135999999999999,0.45555555555555555,414,low,high,linear
0,0,2,5,0.078432,0.188264,0.25555555555555554,415,low,high,linear
0,0,2,1,0.078592,0.038272,0.4444444444444444,416,low,high,linear
0,0,2,6,0.07868800000000001,0.224016,0.3888888888888889,417,low,high,linear
0,0,3,5,0.117056,0.19063999999999998,0.5,418,low,high,linear
0,0,1,8,0.039776,0.2985440000000001,0.25555555555555554,419,low,high,linear
0,0,6,0,0.23337600000000003,0.0,0.6333333333333333,420,low,high,linear
0,0,1,1,0.03968,0.037552,0.4888888888888889,421,low,high,linear
1,0,5,5,0.19683199999999998,0.18905599999999997,0.3888888888888889,422,low,high,linear
0,0,0,2,0.0,0.074528,0.35555555555555557,423,low,high,linear
0,0,1,2,0.039392,0.074816,0.4222222222222222,424,low,high,linear
0,0,3,2,0.11830399999999999,0.07287199999999999,0.7555555555555555,425,low,high,linear
0,0,4,2,0.15632000000000001,0.07517599999999999,0.5444444444444444,426,low,high,linear
0,0,0,1,0.0,0.039712000000000004,0.5666666666666667,427,low,high,linear
0,0,0,5,0.0,0.180056,0.32222222222222224,428,low,high,linear
0,0,7,0,0.272992,0.0,0.8222222222222222,429,low,high,linear
0,0,2,5,0.07939199999999999,0.188192,0.6,430,low,high,linear
0,0,2,7,0.077568,0.262,0.4222222222222222,431,low,high,linear
0,0,3,2,0.11827200000000002,0.072512,0.7777777777777778,432,low,high,linear
0,0,4,4,0.15715200000000001,0.147616,0.5444444444444444,433,low,high,linear
0,0,6,1,0.23497600000000002,0.038056,0.5333333333333333,434,low,high,linear
0,0,8,1,0.312864,0.03964,0.8333333333333334,435,low,high,linear
0,1,2,1,0.07827200000000001,0.035679999999999996,0.5555555555555556,436,low,high,linear
0,0,3,3,0.11664,0.10948799999999999,0.36666666666666664,437,low,high,linear
0,0,1,3,0.039136,0.115536,0.37777777777777777,438,low,high,linear
0,0,2,5,0.079232,0.18919999999999998,0.4666666666666667,439,low,high,linear
1,1,7,3,0.27756800000000004,0.11352000000000001,0.7666666666666667,440,low,high,linear
0,0,4,3,0.15820800000000002,0.11136000000000001,0.4777777777777778,441,low,high,linear
0,0,1,2,0.038752,0.074456,0.2,442,low,high,linear
0,0,2,0,0.078976,0.0,0.35555555555555557,443,low,high,linear
0,1,1,4,0.039328,0.15244000000000002,0.2111111111111111,444,low,high,linear
0,0,4,6,0.155552,0.226392,0.43333333333333335,445,low,high,linear
0,0,1,4,0.039648,0.14559999999999998,0.12222222222222222,446,low,high,linear
0,0,1,4,0.038752,0.154168,0.26666666666666666,447,low,high,linear
0,0,2,2,0.077792,0.07503199999999999,0.36666666666666664,448,low,high,linear
0,0,2,6,0.07731199999999999,0.22401600000000002,0.4444444444444444,449,low,high,linear
1,0,2,1,0.07888,0.038776000000000005,0.35555555555555557,450,low,high,linear
0,0,0,4,0.0,0.150496,0.37777777777777777,451,low,high,linear
0,0,3,3,0.11788799999999999,0.114312,0.7111111111111111,452,low,high,linear
0,0,2,4,0.07744,0.151144,0.37777777777777777,453,low,high,linear
0,1,2,5,0.079488,0.189416,0.26666666666666666,454,low,high,linear
0,0,1,2,0.03936,0.07452799999999998,0.6,455,low,high,linear
0,0,3,5,0.117376,0.187904,0.2777777777777778,456,low,high,linear
0,0,1,3,0.039904,0.11272800000000001,0.5222222222222223,457,low,high,linear
0,0,2,0,0.0784,0.0,0.5444444444444444,458,low,high,linear
0,0,8,0,0.313952,0.0,0.8111111111111111,459,low,high,linear
0,0,6,2,0.23564800000000002,0.0728,0.4777777777777778,460,low,high,linear
0,0,2,1,0.079456,0.036256,0.6111111111111112,461,low,high,linear
0,0,3,1,0.11868800000000002,0.036183999999999994,0.5,462,low,high,linear
0,0,1,3,0.039616,0.11063999999999999,0.26666666666666666,463,low,high,linear
0,0,3,0,0.116704,0.0,0.7555555555555555,464,low,high,linear
0,0,6,0,0.236672,0.0,0.8444444444444444,465,low,high,linear
0,0,0,2,0.0,0.072656,0.4444444444444444,466,low,high,linear
1,0,4,2,0.156544,0.07791200000000001,0.5222222222222223,467,low,high,linear
0,0,2,3,0.078656,0.110568,0.5444444444444444,468,low,high,linear
0,1,2,6,0.079648,0.22668,0.35555555555555557,469,low,high,linear
0,0,3,5,0.11724799999999999,0.18243199999999998,0.35555555555555557,470,low,high,linear
0,0,4,1,0.158016,0.038056,0.4666666666666667,471,low,high,linear
0,0,2,3,0.07868800000000001,0.1128,0.5111111111111111,472,low,high,linear
0,1,0,7,0.0,0.260416,0.5333333333333333,473,low,high,linear
0,0,1,6,0.039776,0.22783199999999998,0.32222222222222224,474,low,high,linear
0,0,5,1,0.196384,0.03784,0.4888888888888889,475,low,high,linear
0,0,5,1,0.197216,0.035032,0.3888888888888889,476,low,high,linear
0,0,0,2,0.0,0.07524800000000001,0.1,477,low,high,linear
0,0,4,4,0.15696000000000002,0.149776,0.4666666666666667,478,low,high,linear
0,0,4,1,0.159136,0.037767999999999996,0.5222222222222223,479,low,high,linear
1,0,3,1,0.118176,0.039136000000000004,0.5444444444444444,480,low,high,linear
0,0,2,3,0.07785600000000001,0.11827200000000002,0.6111111111111112,481,low,high,linear
0,0,5,3,0.195072,0.10941599999999999,0.5777777777777777,482,low,high,linear
0,0,1,6,0.038784,0.227616,0.2777777777777778,483,low,high,linear
0,0,3,5,0.117952,0.187328,0.4222222222222222,484,low,high,linear
0,0,0,1,0.0,0.0382,0.5222222222222223,485,low,high,linear
1,0,4,3,0.157888,0.111432,0.4111111111111111,486,low,high,linear
0,0,2,4,0.078592,0.1492,0.2222222222222222,487,low,high,linear
0,0,3,3,0.117728,0.11553600000000001,0.5222222222222223,488,low,high,linear
0,0,1,3,0.038592,0.11460000000000001,0.28888888888888886,489,low,high,linear
0,0,2,3,0.077408,0.114312,0.6333333333333333,490,low,high,linear
0,0,7,4,0.273696,0.148696,0.6,491,low,high,linear
1,0,4,2,0.155808,0.077624,0.5777777777777777,492,low,high,linear
0,0,6,1,0.235968,0.03496,0.5666666666666667,493,low,high,linear
0,0,0,2,0.0,0.07330400000000001,0.13333333333333333,494,low,high,linear
0,0,3,1,0.11856,0.037624,0.7555555555555555,495,low,high,linear
0,0,5,4,0.19619199999999998,0.152512,0.45555555555555555,496,low,high,linear
0,0,3,4,0.11936,0.14999200000000001,0.34444444444444444,497,low,high,linear
0,0,6,3,0.23449599999999998,0.11308800000000001,0.5555555555555556,498,low,high,linear
0,0,2,3,0.079744,0.10812,0.3888888888888889,499,low,high,linear
